ID,Name,Image,Url,Review count,Category,Rating,Price,Latitude,Longitude,Address,City,State,Country,Phone,Review
VdxJdMX53XZYNZvZlr96HA,LaoTable,https://s3-media1.fl.yelpcdn.com/bphoto/5UkRKNTOogI0zLo2kqActA/o.jpg,https://www.yelp.com/biz/laotable-san-francisco?adjust_creative=Sb39Q_neG8ncCfDxiJ2TWw&utm_campaign=yelp_api_v3&utm_medium=api_v3_business_search&utm_source=Sb39Q_neG8ncCfDxiJ2TWw,1296,Laotian,4.0,$$,37.78751373,-122.3987198,149 2nd St,San Francisco,CA,US,(415) 278-9991,"['Conveniently located near the Montgomery Street Bart, Lao Table is hard to miss, especially with its vibrant decor and constantly lively patrons. My party...', 'Best deal on their menu is the Happy Hour Deal from 5-7PM. It includes Laotian Sausage, (4) Crispy Chicken Wings, Fried Calamari, and (10) Oysters....', 'We stopped in on a busy Saturday with a table of four and were quickly whisked to our table to begin an exceptional meal that warrants a good review. The...']"
tiSDprSVuesljC8b0aS64A,Wolfes Lunch,https://s3-media3.fl.yelpcdn.com/bphoto/_OaI-pBgEpIausHmzarjVA/o.jpg,https://www.yelp.com/biz/wolfes-lunch-san-francisco?adjust_creative=Sb39Q_neG8ncCfDxiJ2TWw&utm_campaign=yelp_api_v3&utm_medium=api_v3_business_search&utm_source=Sb39Q_neG8ncCfDxiJ2TWw,127,Japanese,4.0,$,37.766378,-122.3986327,1220 16th St,San Francisco,CA,US,(415) 621-3684,"[""I've passed by this standalone lunch room numerous times but never ventured in until quite recently. The building has been a diner since 1948 and passed..."", ""Those who knew Art's breakfast or this mom & pop place on New Montgomery corner, they were serving bulgogi to' go or dine in.  It's nice to find another..."", ""I'm biased. Seems old Korean families have made dinners in the Bay Area a thing & I love it. Brogoggi & eggs anyone?  There is Arts Cafe in the Sunset and...""]"
vu6PlPyKptsT6oEq50qOzA,Delarosa,https://s3-media2.fl.yelpcdn.com/bphoto/UPdC4GWl7gqOLTgQcs14BA/o.jpg,https://www.yelp.com/biz/delarosa-san-francisco-3?adjust_creative=Sb39Q_neG8ncCfDxiJ2TWw&utm_campaign=yelp_api_v3&utm_medium=api_v3_business_search&utm_source=Sb39Q_neG8ncCfDxiJ2TWw,1494,Pizza,4.0,$$,37.78566226,-122.4042726,37 Yerba Buena Ln,San Francisco,CA,US,(415) 872-7363,"[""Long wait after SFMOMA's first Thursday. Interior is so beautifully decorated, adds to a great ambiance. \nThe service was a little slow but it was busy so..."", '3.5 stars rounding up for the drinks. Not really a destination you have to check out, but a great option for some post work drinks and food if you work...', 'Drink: El Diablo - 7/10\nAppetizer: cauliflower- they were really good. Everyone was ordering them. Must be an overall hit\nMeal: pizza - Spicy Fennel Sausage...']"
Jpxv-URBpIvcu0mE5B6S3g,Cafe Okawari,https://s3-media1.fl.yelpcdn.com/bphoto/3BUYpWqi8Z_7EqHynnX4gw/o.jpg,https://www.yelp.com/biz/cafe-okawari-san-francisco?adjust_creative=Sb39Q_neG8ncCfDxiJ2TWw&utm_campaign=yelp_api_v3&utm_medium=api_v3_business_search&utm_source=Sb39Q_neG8ncCfDxiJ2TWw,220,Japanese,4.5,$$,37.77826,-122.39388,236 Townsend St,San Francisco,CA,US,(415) 801-5927,"['Awesome place for hearty Japanese fare by Oracle Park. Thanks to their halal chicken supply, I got to try Chicken Katsu for the first time. It was crispy...', 'Casual meal spot located near Oracle Park/Caltrain station.\n\nOf course, I had to try the chicken katsu sando. The chicken was crispy and juicy with a nice...', '22.05.09.    First, unplanned, accidental visit\n                    rough draft ... will revisit to update the review and another item\n\nMentso Sando...']"
BI40rGhpngLNPacrjWpseQ,Dumpling Kitchen,https://s3-media1.fl.yelpcdn.com/bphoto/rggI1HG_kaABtAGNiuqF9Q/o.jpg,https://www.yelp.com/biz/dumpling-kitchen-san-francisco?adjust_creative=Sb39Q_neG8ncCfDxiJ2TWw&utm_campaign=yelp_api_v3&utm_medium=api_v3_business_search&utm_source=Sb39Q_neG8ncCfDxiJ2TWw,1897,Chinese,4.0,$$,37.7423,-122.48701,1935 Taraval St,San Francisco,CA,US,(415) 682-8938,"[""We where visiting from Arizona, at home we don't have lots of places that do serve vegan dumplings and buns. This place is very welcoming. Food is so good..."", ""Came here yesterday after a haircut. The spicy wonton in chili oil was my least favorite because the sauce wasn't very special. However, the wontons were..."", 'Bit of a wait on a late Sunday afternoon, but good thing we joined the Yelp waitlist. I was excited for the food as the menu and pictures looked good, but...']"
kesgk8dCRyg3qRDYpuAKGg,Home Plate,https://s3-media3.fl.yelpcdn.com/bphoto/nJwasMq9L0cbh18dGhTw5A/o.jpg,https://www.yelp.com/biz/home-plate-san-francisco?adjust_creative=Sb39Q_neG8ncCfDxiJ2TWw&utm_campaign=yelp_api_v3&utm_medium=api_v3_business_search&utm_source=Sb39Q_neG8ncCfDxiJ2TWw,1432,Breakfast & Brunch,4.0,$$,37.79990506,-122.4371697,2150 Lombard St,San Francisco,CA,US,(415) 922-4663,"[""We waited 30 min for a waitress to get our order! Instead she took the order of a family that came like 20 min after we arrived. She didn't even said sorry..."", 'cute aesthetics, unique menu, great service :) \n\nwe got the honey avocado granola, crab cake benedict, and crispy french toast. everything was really good!...', 'I normally dont write reviews but this place had me feeling really uncomfortable......\n\nI went to this place because of tje great reviews online.  However...']"
KarMlfJURqPo70kQZ4LzFg,Tarragon Cafe,https://s3-media4.fl.yelpcdn.com/bphoto/lnYmJA9sKbu6DyLMTWV2ZQ/o.jpg,https://www.yelp.com/biz/tarragon-cafe-san-francisco?adjust_creative=Sb39Q_neG8ncCfDxiJ2TWw&utm_campaign=yelp_api_v3&utm_medium=api_v3_business_search&utm_source=Sb39Q_neG8ncCfDxiJ2TWw,64,Cafes,4.5,$$,37.77139,-122.43014,200 Fillmore St,San Francisco,CA,US,(415) 624-3318,"[""Tried this based on a friend's recommendation and it did not disappoint! I'd say I have pretty high salad standards and value high quality ingredients and I..."", ""Tarragon, in Cafe du Soleil's old spot, had a lot to live up to once the took over the space from the dear departed coffee Soleil. \n\nI was hesitant to come..."", ""Beware, if you're planning on coming in here with a service animal, you might be in for a rude awakening.\n\nAfter reading all of the positive Yelp reviews, I...""]"
rUQmWnDbZWo0AN9j1i3cAQ,Woori Food Market,https://s3-media4.fl.yelpcdn.com/bphoto/7p5bl3qtQWUYUse9sPNLGw/o.jpg,https://www.yelp.com/biz/woori-food-market-san-francisco-6?adjust_creative=Sb39Q_neG8ncCfDxiJ2TWw&utm_campaign=yelp_api_v3&utm_medium=api_v3_business_search&utm_source=Sb39Q_neG8ncCfDxiJ2TWw,121,Caterers,4.5,$,37.78375,-122.43249,1528 Fillmore St,San Francisco,CA,US,(415) 673-9887,"['Love this Korean little grocery store. \nVery nice selection of premade banchans.\nThe workers here are very friendly. \nI will definitely go back to this cute...', 'I absolutely love this Korean market! I come here to get Korea groceries, they have a lot of good options!\n\nI specifically love their little hot box section...', 'Good good via delivery -- recommended for tasty eating! The kimbap is great. The kim chi fried rice is also very good.']"
DrR38H1Abk0wCyu9XOLug,Sweet Maple,https://s3-media2.fl.yelpcdn.com/bphoto/etyS0Af-PS74CTwxly2uoA/o.jpg,https://www.yelp.com/biz/sweet-maple-san-francisco?adjust_creative=Sb39Q_neG8ncCfDxiJ2TWw&utm_campaign=yelp_api_v3&utm_medium=api_v3_business_search&utm_source=Sb39Q_neG8ncCfDxiJ2TWw,4334,American (Traditional),4.5,$$,37.78573568,-122.4350777,2101 Sutter St,San Francisco,CA,US,(415) 655-9169,"['An amazing brunch spot! Go during a week day to avoid long lines and waits. \n\nYou should order the bacon sampler to start your meal!', ""Wow. I love San Francisco brunch. And this place is definitely in the top tier! Special mention: the millionaire's bacon. Glazed and thick cut and..."", 'One of my favorite brunch spot in the city! Loved the service and we got our food in a timely manner. The Gardena was delicious but gotta be careful because...']"
elgE2cUhKotsLoBUdghexQ,Devil's Teeth Baking Company,https://s3-media2.fl.yelpcdn.com/bphoto/jAai8bU3HUMOATl6mbiwkg/o.jpg,https://www.yelp.com/biz/devils-teeth-baking-company-san-francisco?adjust_creative=Sb39Q_neG8ncCfDxiJ2TWw&utm_campaign=yelp_api_v3&utm_medium=api_v3_business_search&utm_source=Sb39Q_neG8ncCfDxiJ2TWw,1935,Bakeries,4.5,$,37.75318245,-122.5050075,3876 Noriega St,San Francisco,CA,US,(415) 683-5533,"['amazing breakfast sandwich. the workers were very nixe. the cashier lady which i think is the owner. Very friendly and nice. The cinnamon rolls are next....', 'Definitely a SF staple. Come by for that fresh bakery atmosphere and enjoy your order either by the beach or outdoor parklet. \n\nOf course we had to try the...', 'Had high hopes for this place and was very excited about the breakfast sandwich and the biscuit, but mine seemed overcooked and very dry :( the filling was...']"
1ULAxKR5_7RWzQ4CRJD1hg,El Castillito,https://s3-media2.fl.yelpcdn.com/bphoto/IJ7zaMGnggsxeoa-psV_DA/o.jpg,https://www.yelp.com/biz/el-castillito-san-francisco-2?adjust_creative=Sb39Q_neG8ncCfDxiJ2TWw&utm_campaign=yelp_api_v3&utm_medium=api_v3_business_search&utm_source=Sb39Q_neG8ncCfDxiJ2TWw,892,Mexican,4.0,$$,37.7687639,-122.4292759,136 Church St,San Francisco,CA,US,(415) 621-3428,"[""Came in today on my lunch and got an al pastor burrito. It was absolutely delicious and filling that I couldn't even finish the burrito. \n\nThe store has a..."", 'The orange juice was great, that is the only thing we really enjoyed.  They  have this industrial orange juice maker that is pretty impressive.  \n\nThe first...', ""First time visiting this place today with super high hopes.  Unfortunately, the food didn't particularly live up to the four star rating.  Here's the quick...""]"
kvFI8S8XuE0793DBR0wSbg,San Ho Won,https://s3-media3.fl.yelpcdn.com/bphoto/18tgatAFaSXxUXZBmPDFgg/o.jpg,https://www.yelp.com/biz/san-ho-won-san-francisco-2?adjust_creative=Sb39Q_neG8ncCfDxiJ2TWw&utm_campaign=yelp_api_v3&utm_medium=api_v3_business_search&utm_source=Sb39Q_neG8ncCfDxiJ2TWw,187,Korean,4.5,$$$$,37.75944,-122.41017,2170 Bryant St,San Francisco,CA,US,(415) 868-4479,"['San Ho Won exceeded our expectations. My family and I have been trying to get a reservation for so long, and this week we happened to be in SF, so we...', 'The House Menu is a great option for first-timers since it has a little of everything! We really wanted to try the Beef Tongue and Mushrooms though, so we...', ""Fantastic attention to detail. Very good service. Nuanced flavors I haven't seen outside of Korea. The prix-fixé was a journey that stuffed out tummies and...""]"
wCf2GGyEOkaSFE0xCYpgOA,Hai Ky Noodles,https://s3-media3.fl.yelpcdn.com/bphoto/x1FoljmTD6uPnNntyZggfQ/o.jpg,https://www.yelp.com/biz/hai-ky-noodles-san-francisco?adjust_creative=Sb39Q_neG8ncCfDxiJ2TWw&utm_campaign=yelp_api_v3&utm_medium=api_v3_business_search&utm_source=Sb39Q_neG8ncCfDxiJ2TWw,1082,Chinese,4.5,$$,37.7840538,-122.4179535,707 Ellis St,San Francisco,CA,US,(415) 771-2577,"[""Wonderful staff and duck noodle soup! They also make their ca phe sua da to order and it wasn't pre batched. The whole experience was excellent"", 'The second I land in SFO, I crave this spot.\n\nI get the braised duck leg soup with thick egg noodles - and good lord, that broth is fucking amazing; full of...', ""Hai Ky Noodles Ratings: 4.4/5 \n\nFood: 4.75/5 - WOW! Hai Ky is freaking amazing. I wasn't feeling well this morning, and my boyfriend was so nice and ordered...""]"
Uh932p9MfAXppaXbFPkykA,Mission Rock Resort,https://s3-media1.fl.yelpcdn.com/bphoto/qCS4VdRK8GIIyNtIqaAlyw/o.jpg,https://www.yelp.com/biz/mission-rock-resort-san-francisco-2?adjust_creative=Sb39Q_neG8ncCfDxiJ2TWw&utm_campaign=yelp_api_v3&utm_medium=api_v3_business_search&utm_source=Sb39Q_neG8ncCfDxiJ2TWw,1417,Seafood,4.0,$$,37.76552933,-122.3865987,817 Terry Francois Blvd,San Francisco,CA,US,(415) 701-7625,"['I love there lobster macaroni. This can be split between 3-4 people . Eating this all by yourself is heavy \n\nI love there oysters . They do have happy hours...', ""I came here for the $1 HH oysters but ended up getting the lobster roll, fried calamari/veggies and lava drink as well. \n\nI believe there's a maximum number..."", 'Nandi heheh Whhs RN shushed kfktisb nah he. Sjmeocid ishejw ndmjdn djjje. Husband. \n\nSmkksjabbe.']"
XAYwAF_83becwNnSJDFkpA,Dumpling House,https://s3-media2.fl.yelpcdn.com/bphoto/DNfqq1zYxbJ-gsalml7wng/o.jpg,https://www.yelp.com/biz/dumpling-house-san-francisco?adjust_creative=Sb39Q_neG8ncCfDxiJ2TWw&utm_campaign=yelp_api_v3&utm_medium=api_v3_business_search&utm_source=Sb39Q_neG8ncCfDxiJ2TWw,331,Dim Sum,4.5,$$,37.763552,-122.432762,335 Noe St,San Francisco,CA,US,(415) 829-2789,"['Made a reservation for 2 on Monday night for Tuesday @ 7pm with ease! When we arrived, we were seated immediately. I was surprised this place existed tbh!...', 'Came back tonight for the first time in awhile. I love seeing small restaurants like this one bustling!  We came at 8pm on a Saturday (they close at 9pm),...', 'What an excellent choice by my dining partner.  Anthony, not so much a yelper, knew the 4.5 out of 5 stars would impress me. Lol.  We were BOTH pleasantly...']"
u39mZEYojBiNic3lqKhPNw,Tacorea,https://s3-media4.fl.yelpcdn.com/bphoto/XCBggDPYWe2yvYvqqH0qnQ/o.jpg,https://www.yelp.com/biz/tacorea-san-francisco?adjust_creative=Sb39Q_neG8ncCfDxiJ2TWw&utm_campaign=yelp_api_v3&utm_medium=api_v3_business_search&utm_source=Sb39Q_neG8ncCfDxiJ2TWw,1888,Mexican,4.5,$$,37.7897794,-122.410717,809 Bush St,San Francisco,CA,US,(415) 484-8911,"['Yum yum yum yum yum. As a lover of good Korean and Mexican food this place seemed right up my alley. Fusion between the two with loaded breakfast burritos...', ""Cool vibes, great staff, fast service, and generally very very good food. Tacorea delivers!! With some caveats.\n\nVERSUS!! Can't decide which to..."", 'Delicious Mexican Korean fusion food and good outdoor/indoor seating vibes for a casual night w/friends. Ordered the Super Burrito while my friend order the...']"
Xg-FyjVKAN70LO4u4Z1ozg,Hog Island Oyster,https://s3-media4.fl.yelpcdn.com/bphoto/Kozd3NJMSaT6S3J2kYAc1g/o.jpg,https://www.yelp.com/biz/hog-island-oyster-san-francisco-2?adjust_creative=Sb39Q_neG8ncCfDxiJ2TWw&utm_campaign=yelp_api_v3&utm_medium=api_v3_business_search&utm_source=Sb39Q_neG8ncCfDxiJ2TWw,6552,Seafood,4.5,$$,37.795831,-122.393303,1 Ferry Bldg,San Francisco,CA,US,(415) 391-7117,"['Fresh and delicious oysters.\nThe line was long because it was lunchtime on the weekend, but I entered quickly.', 'I love Hog Island!  Being from San Francisco this has been my go to place for years! Always recommended for fresh oysters and seafood.', 'Update to my review: the General Manager, Ethan, reached out to me and provided some context for what might have contributed to my disappointing service and...']"
JPL5OqxmoKGWXZxVSlYkag,Yo Yo's,https://s3-media4.fl.yelpcdn.com/bphoto/lNNiQesx7SjCpvu_njjmvg/o.jpg,https://www.yelp.com/biz/yo-yos-san-francisco?adjust_creative=Sb39Q_neG8ncCfDxiJ2TWw&utm_campaign=yelp_api_v3&utm_medium=api_v3_business_search&utm_source=Sb39Q_neG8ncCfDxiJ2TWw,593,Japanese,4.5,$,37.79770254,-122.4012355,318 Pacific Ave,San Francisco,CA,US,(415) 296-8273,"['One of the few remaining ultra-affordable gems in SF!\nAnd tasty for the price.\nIt is easy to make killer food and give 5 stars with price of $40\n     like...', 'This is the most wholesome and heartwarming lunch option in FiDi. (And also probably the most budget friendly!) Yo-yos has a limited but amazing selection...', ""Update from my previous post.\n\nIf you're looking for good food on a budget, this is the place for you.\n\nBUDGET FRIENDLY \nFor those who are budget conscious,...""]"
_ZysfO74zEDOooCktoEBVw,Hing Lung Company aka Go Duck Yourself,https://s3-media2.fl.yelpcdn.com/bphoto/n1NTXTnZDqFddt75WP2jvQ/o.jpg,https://www.yelp.com/biz/hing-lung-company-aka-go-duck-yourself-san-francisco-2?adjust_creative=Sb39Q_neG8ncCfDxiJ2TWw&utm_campaign=yelp_api_v3&utm_medium=api_v3_business_search&utm_source=Sb39Q_neG8ncCfDxiJ2TWw,169,Barbeque,4.5,$,37.79741022,-122.4087096,1261 Stockton St,San Francisco,CA,US,,"[""I am so in  with this Food and Sauces.. Ordered Uber Eats over to The Fillmore, after craving something different. Shout Out to my City's Asian Communities..."", 'Best duck and best service !! We arrived from Miami just to eat here and when we got here we got the last duck!! \nThe owner Simon was super kind and...', 'Was searching through YELP for a good duck recommendation. Found this place near by where we were going to stop at to pick up dim sum. \n\nRight when we got...']"
ziVej4oW2JpUConTE_Y_mg,Nick's Crispy Tacos,https://s3-media1.fl.yelpcdn.com/bphoto/b_TX66NjtzYZRL5Fvtt5KQ/o.jpg,https://www.yelp.com/biz/nicks-crispy-tacos-san-francisco-2?adjust_creative=Sb39Q_neG8ncCfDxiJ2TWw&utm_campaign=yelp_api_v3&utm_medium=api_v3_business_search&utm_source=Sb39Q_neG8ncCfDxiJ2TWw,3546,Mexican,4.0,$$,37.79607,-122.42196,1500 Broadway,San Francisco,CA,US,(415) 409-8226,"['I should be pretty partial to this place since we share a name and everything. I had passed by this place several times before stopping in and it turned out...', 'So sad. I was so excited when this place opened a few years back. But like with other establishments in SF that no longer take pride in serving quality...', 'Love this place! Service is always great! And the food and location are perfect. \nThe fish or shrimp tacos are my favorite, and definitely get it ""Nick\'s...']"
IlkvuSkI1LF5y-Q3jpWrWQ,Cafe De Casa,https://s3-media3.fl.yelpcdn.com/bphoto/1NxXWq9qdY1moLVYcfuIeA/o.jpg,https://www.yelp.com/biz/cafe-de-casa-san-francisco-4?adjust_creative=Sb39Q_neG8ncCfDxiJ2TWw&utm_campaign=yelp_api_v3&utm_medium=api_v3_business_search&utm_source=Sb39Q_neG8ncCfDxiJ2TWw,117,Brazilian,4.5,$$,37.76236,-122.43471,3985 17th St,San Francisco,CA,US,(415) 829-7915,"[""The best coffee I've ever had! Love coming here in the mornings. Wonderful atmosphere. Great team members. So many good treats and eats! A must visit for..."", 'Cafe De Casa has routinely become one of my favorite spots to work on a Friday afternoon. Their pastries are to DIE for especially their cheese bread (pão...', ""Really cute and quaint coffee shop up the Castro. The Drinks are delicious. I've tried their Lattes, the L'Avela (a hazelnut coffee drink) and their Mocha....""]"
oa6ZaLdQNzZHP7--gxBh2g,California Fish Market Restaurant,https://s3-media2.fl.yelpcdn.com/bphoto/dT8Dx6y0ElNeU5Xe3funCQ/o.jpg,https://www.yelp.com/biz/california-fish-market-restaurant-san-francisco-3?adjust_creative=Sb39Q_neG8ncCfDxiJ2TWw&utm_campaign=yelp_api_v3&utm_medium=api_v3_business_search&utm_source=Sb39Q_neG8ncCfDxiJ2TWw,438,Seafood,4.5,$$,37.7998,-122.40832,550 Green St,San Francisco,CA,US,(415) 757-0918,"[""If you're feeling in the mood for some solid seafood, this is the place. \n\nIt's located in Little Italy, right next to some other great restaurants, but..."", 'Dropped in on a Sunday evening and had a piss poor experience from start to finish.\n\nFirst, we were ushered into the dining room by a matridee who was cold...', 'Food is great and it was popping on Friday! Between me and my friend, we ordered the combo crudo, grilled calamari, and uni pasta (not pictured). All were...']"
9nltvO9__dkyRIT17D5TqQ,Palm House,https://s3-media3.fl.yelpcdn.com/bphoto/WEhiaYvvbCOpoGPH6rybtQ/o.jpg,https://www.yelp.com/biz/palm-house-san-francisco?adjust_creative=Sb39Q_neG8ncCfDxiJ2TWw&utm_campaign=yelp_api_v3&utm_medium=api_v3_business_search&utm_source=Sb39Q_neG8ncCfDxiJ2TWw,1127,Caribbean,4.0,$$,37.797772,-122.432887,2032 Union St,San Francisco,CA,US,(415) 749-9959,"['One of my favorite places in the city. During the day, the place is a nice restaurant. Their food portion is big. I love the Cubano and spiced fries. Their...', 'We came here for a birthday party and rented the sun room at the entrance of the building. The minimum was $550 to book the place. We ordered several apps...', 'I went to Palm House today and sat at the bar. My friend and I got drinks and closed out. I live a block away. After I finish my drink at the bar with my...']"
PaDFuHlHrFRd0g2ki2DevA,The Melt,https://s3-media1.fl.yelpcdn.com/bphoto/-KzufAVPsS87C1gIyuzP8w/o.jpg,https://www.yelp.com/biz/the-melt-san-francisco-9?adjust_creative=Sb39Q_neG8ncCfDxiJ2TWw&utm_campaign=yelp_api_v3&utm_medium=api_v3_business_search&utm_source=Sb39Q_neG8ncCfDxiJ2TWw,627,Burgers,4.0,$$,37.783311,-122.4084662,925 Market St 5th St,San Francisco,CA,US,(415) 689-5879,"[""Honestly, this place was 4 stars. And I don't say that to scare you. The food was good, the mac cheese was my favorite. But what made me put 5 stars for..."", 'Great food and outstanding service! Especially recommend the snickerdoodle milkshake.', ""It was out first time trying the melt. Seemed convenient because it was close. Very good food. Only thing I wasn't to happy about was the portion size of...""]"
jLjbntnlmxsX8gsOxZVUcQ,RAW Sugar Factory,https://s3-media2.fl.yelpcdn.com/bphoto/NJfAaVl6cido95mCLYLpzg/o.jpg,https://www.yelp.com/biz/raw-sugar-factory-san-francisco?adjust_creative=Sb39Q_neG8ncCfDxiJ2TWw&utm_campaign=yelp_api_v3&utm_medium=api_v3_business_search&utm_source=Sb39Q_neG8ncCfDxiJ2TWw,723,Breakfast & Brunch,4.0,$$,37.76444,-122.42157,525 Valencia St,San Francisco,CA,US,(415) 872-9608,"['Not your typical RAW Sugar Factory, this place has a LOT to offer for brunch. Everything from kimchi fries to matcha french toast to chicken and waffles! We...', 'HAD A RESERVATION ON MY BDAY 2:30PM TODAY (they knew about it because the lady attempted to call me but DID NOT leave a voicemail) BUT THEY CLOSED EARLY &...', 'It\'s places like this that makes me swear off trying new restaurants in SF. Trying to be fancy with ""Asian fusion"" but failing horribly. For starters,...']"
mydKjdG8gJOcRQ9cZwkQpQ,Ryoko's,https://s3-media3.fl.yelpcdn.com/bphoto/w3i_dVIjGTyIeiYXUzumkA/o.jpg,https://www.yelp.com/biz/ryokos-san-francisco?adjust_creative=Sb39Q_neG8ncCfDxiJ2TWw&utm_campaign=yelp_api_v3&utm_medium=api_v3_business_search&utm_source=Sb39Q_neG8ncCfDxiJ2TWw,3194,Sushi Bars,4.0,$$,37.78819878,-122.4120592,619 Taylor St,San Francisco,CA,US,(415) 775-1028,"['If there is one place I crave every time I want Japanese food,  it is this place with out a doubt! This place is a small underground restaurant that gets...', 'When I arrived we waited around 30 minutes before being brought to our seats since there was a small queue of people and a packed house inside. Came here on...', ""While visiting San Francisco for a long weekend we came here on our last night on a whim. \n\nWe waited about 30 min and the head waitress told us she's be...""]"
cP4hJdL5MiRyHEAbM0KO_g,Teahouse,https://s3-media3.fl.yelpcdn.com/bphoto/cjxmApq3fRPUBZ9gSdW0BA/o.jpg,https://www.yelp.com/biz/teahouse-san-francisco?adjust_creative=Sb39Q_neG8ncCfDxiJ2TWw&utm_campaign=yelp_api_v3&utm_medium=api_v3_business_search&utm_source=Sb39Q_neG8ncCfDxiJ2TWw,39,Coffee & Tea,4.5,$$,37.77031733,-122.4697264,75 Hagiwara Tea Garden Dr,San Francisco,CA,US,,"[""What an absolute delight!\nThe Teahouse in the Japanese Tea Garden was the highlight of my visit there. \n\nIt's right in the middle of the tea garden and is..."", ""My boyfriend and I decided to spend this past Sunday at the Golden Gate Park. We stopped by the Japanese Tea Garden first as we've been meaning to go for a..."", ""Nice tea house that sells a variety of good Japanese tea and snacks.  It's a good place to take a break and enjoy the beautiful surroundings of the tea...""]"
RTMeCUm9y6Lsz6TGGERPGg,Flour & Water Pasta Shop,https://s3-media4.fl.yelpcdn.com/bphoto/d4YY4iatxCqBNIFmAFqIAw/o.jpg,https://www.yelp.com/biz/flour-and-water-pasta-shop-san-francisco?adjust_creative=Sb39Q_neG8ncCfDxiJ2TWw&utm_campaign=yelp_api_v3&utm_medium=api_v3_business_search&utm_source=Sb39Q_neG8ncCfDxiJ2TWw,36,Wine Bars,4.0,$$,37.759246,-122.411045,3000 20th St,San Francisco,CA,US,,"['AHHH - sandwiches, I love them in all their forms...My current to favs in the city are from Roli Roti and Palm City Wines. This one might be 3rd.\n\nThis is...', 'Great atmosphere. Tasty sandwich.\n\nI had a very enjoyable lunch here. Weather was perfect and their outdoor patio sitting was the perfect venue to...', ""Think twice before ordering on-line! If anything goes wrong -you're screwed. There is no way to contact them by phone or email. It's up to you to go back...""]"
DGyoVB9PdI9_jw0CNi_OPg,Suppenküche,https://s3-media4.fl.yelpcdn.com/bphoto/HAumhGEjTcqstgie00Fjag/o.jpg,https://www.yelp.com/biz/suppenk%C3%BCche-san-francisco-2?adjust_creative=Sb39Q_neG8ncCfDxiJ2TWw&utm_campaign=yelp_api_v3&utm_medium=api_v3_business_search&utm_source=Sb39Q_neG8ncCfDxiJ2TWw,3247,German,4.0,$$,37.77626038,-122.4263916,525 Laguna St,San Francisco,CA,US,(415) 252-9289,"['Had the chance to visit Suppenkuche which is located in Hayes Valley, and so glad we did! This was an awesome experience from start to finish with great...', ""For so many years Suppnkuche has been providing amazing energy . It's not about food and beers only , it's about culture as well .\nNot so easy to..."", 'Ordered the following for takeout through Grubhub: Wiener schnitzel, jagerschnitzel, sautéed trout, potato pancakes, sausage platter (2 wild boar, jalapeño...']"
waPEqR-RHpgtmzW_CWY0og,Death by Taco,https://s3-media1.fl.yelpcdn.com/bphoto/vYTzAGotbTikU9u0Ixmpfg/o.jpg,https://www.yelp.com/biz/death-by-taco-san-francisco?adjust_creative=Sb39Q_neG8ncCfDxiJ2TWw&utm_campaign=yelp_api_v3&utm_medium=api_v3_business_search&utm_source=Sb39Q_neG8ncCfDxiJ2TWw,478,Tacos,4.0,$$,37.77575688,-122.3935629,301 King St,San Francisco,CA,US,(415) 658-7308,"['Immaculate vibes & great service! I would definitely recommend the enchiladas so delish.', ""I have walked passed this place every day and can't believe I have never been inside! \nThe waiter was very friendly when we arrived and super accommodating..."", ""I literally got killed by these tacos. As in the tacos were too heavy for my stomach and ended up having an upset stomach session. That's a me issue, the...""]"
UuFovQRilF7fCmokiiW05w,The Sandwich Shop,https://s3-media1.fl.yelpcdn.com/bphoto/-T7b2F2ay7FsOpjwDdBl-Q/o.jpg,https://www.yelp.com/biz/the-sandwich-shop-san-francisco-3?adjust_creative=Sb39Q_neG8ncCfDxiJ2TWw&utm_campaign=yelp_api_v3&utm_medium=api_v3_business_search&utm_source=Sb39Q_neG8ncCfDxiJ2TWw,117,Sandwiches,4.5,$,37.763503,-122.388593,2071 3rd St,San Francisco,CA,US,(415) 934-0756,"[""3/18/22\n\nI love this sandwich shop!  I didn't bring lunch that day and had heard from my coworkers that The Sandwich Shop sells great sandwiches.  It's..."", ""If you're looking for a filling sandwich definitely do not recommend the Reuben. I was not expecting to pay $20+ (not including delivery) for a sandwich..."", 'A cute clean open sandwich place in Dogpatch. I built a sandwich for $12, which ended up being large enough for 2 small meals. The portion of meat was...']"
wxzx3duu1c0CcomzEOvfOQ,The Front Porch,https://s3-media1.fl.yelpcdn.com/bphoto/0fmMVyqSKOMIqtkQksUTUQ/o.jpg,https://www.yelp.com/biz/the-front-porch-san-francisco?adjust_creative=Sb39Q_neG8ncCfDxiJ2TWw&utm_campaign=yelp_api_v3&utm_medium=api_v3_business_search&utm_source=Sb39Q_neG8ncCfDxiJ2TWw,3061,Southern,4.0,$$,37.7438,-122.422035,65 29th St,San Francisco,CA,US,(415) 695-7800,"[""Just such solidly good food. Also just amazingly friendly service. A note about that: we've kind of become accustomed to crap and rude service in sf and so..."", 'Came for dinner after finding a last-minute reservation, fun atmosphere and service was very friendly! The space itself it not very large, but they have...', 'Atmosphere here is a whole vibe for sure! Customer service is also too notch!\n\nFor the food. We were given the Macaroni and cheese as a gift and I have to...']"
KA-P3d2NcbJy5SQN-vCzPA,Aria Korean Street Food,https://s3-media1.fl.yelpcdn.com/bphoto/GLvMxRbJGeeEs5PR6h7ucQ/o.jpg,https://www.yelp.com/biz/aria-korean-street-food-san-francisco?adjust_creative=Sb39Q_neG8ncCfDxiJ2TWw&utm_campaign=yelp_api_v3&utm_medium=api_v3_business_search&utm_source=Sb39Q_neG8ncCfDxiJ2TWw,1096,Korean,4.0,$$,37.78655,-122.41795,932 Larkin St,San Francisco,CA,US,(415) 292-6914,"[""You have to try the gangjung fried chicken (GFC) here! I usually get it with garlic soy glaze, which is absolutely delicious. I've also ordered the Korean..."", 'At first I thought the chicken looked a little dry, but after biting into it I was pleasantly surprised to find that it was very juicy. Their breading is...', ""Ordered via Doordash and was greatly disappointed...\n\nI've heard good things and seen many delish pictures of Aria Korean Street Food on social media, and...""]"
4rXyiTBn0b9xiuKkHoJ32g,Señor Sisig,https://s3-media1.fl.yelpcdn.com/bphoto/qrZldAEcP1TfTTUYpwXXdA/o.jpg,https://www.yelp.com/biz/se%C3%B1or-sisig-san-francisco-9?adjust_creative=Sb39Q_neG8ncCfDxiJ2TWw&utm_campaign=yelp_api_v3&utm_medium=api_v3_business_search&utm_source=Sb39Q_neG8ncCfDxiJ2TWw,373,Mexican,4.0,$$,37.757154,-122.421326,990 Valencia St,San Francisco,CA,US,(855) 747-4455,"['Señor Sisig is the shit. This delicious Filipino fusion spot serves burritos, tacos, nachos, and fries with delightfully unique flavors. Señor Sisig also...', 'First time at this location and arrived around 5pm on a Saturday. Great time to stop by as there was no wait. Line started getting long afterwards! \n\nMy...', ""This place is insanely good! I could've never even fathomed the idea of Mexican Filipino fusion before coming here. We came on a Friday night and the line...""]"
rMuLW1qVB-deU5NStYerWA,Sushirrito,https://s3-media3.fl.yelpcdn.com/bphoto/8BHpDoqgqMtZCwx6uFtrVw/o.jpg,https://www.yelp.com/biz/sushirrito-san-francisco-55?adjust_creative=Sb39Q_neG8ncCfDxiJ2TWw&utm_campaign=yelp_api_v3&utm_medium=api_v3_business_search&utm_source=Sb39Q_neG8ncCfDxiJ2TWw,1581,Japanese,4.0,$$,37.79019,-122.40366,226 Kearny St,San Francisco,CA,US,(415) 544-9868,"['Sushiritto is one of, if not my most, frequented spot to grab dinner on the go after work. Generous portions, consistently prepared, and fun flavor...', 'Since the Sansome street one has been closed and I want sushirrito so badly, I came to this store.  \n\nIt was a small shop and I was shocked that ALL staff...', ""Location on Kearny is convenient and easy to get to, except if you're driving and looking for parking.\n\nWent here at 7pm on a Tuesday. No one in line. I...""]"
PDhfVvcVXgBinZf5I6s1KQ,The Codmother Fish & Chips,https://s3-media4.fl.yelpcdn.com/bphoto/jIiYLWAA1S-efjnkLJ29FQ/o.jpg,https://www.yelp.com/biz/the-codmother-fish-and-chips-san-francisco-3?adjust_creative=Sb39Q_neG8ncCfDxiJ2TWw&utm_campaign=yelp_api_v3&utm_medium=api_v3_business_search&utm_source=Sb39Q_neG8ncCfDxiJ2TWw,3189,British,4.5,$$,37.80727026,-122.4170938,496 Beach St,San Francisco,CA,US,(415) 606-9349,"[""Came across the Codmother while visiting Fisherman's Wharf. It was surprisingly amazing. Im not usually a big fish and chips fan, but would go back for..."", 'Nice food truck fish and chip and clam chowder lunch.  Gets you away from the tourist crowds and the food is fresh and tasted great.  A little pricey but...', 'Found this place on yelp , it looked awesome and different than other take out fried seafood places found on the pier . \nEverything we got was great!...']"
O0iAR6OBHXqFtK4nKO9g2Q,Beanstalk Cafe,https://s3-media1.fl.yelpcdn.com/bphoto/bCYffcxDD9GJ4VKOi4tA6A/o.jpg,https://www.yelp.com/biz/beanstalk-cafe-san-francisco-2?adjust_creative=Sb39Q_neG8ncCfDxiJ2TWw&utm_campaign=yelp_api_v3&utm_medium=api_v3_business_search&utm_source=Sb39Q_neG8ncCfDxiJ2TWw,915,Coffee & Tea,4.5,$,37.79015176,-122.4092884,724 Bush St,San Francisco,CA,US,(415) 576-1966,"[""CRAGELS?! Omg. I'm a huge sucker for a coffee + carb in the morning and this place does both splendidly. \n\nIced coffee was bold and smooth. Cragel was..."", ""I got the iced mint mojito drink. It was very subpar. Too much ice, so it was a bit watered down. I didn't taste the mint at all, not like how Phil'z makes..."", 'Went here with a few friends to get a quick bite. The story was busy, luckily I was able to get one of the last bagels for a breakfast sandwich.  It was a...']"
cwLN5xjMi6UJ14QmEtEs4A,Bandit,https://s3-media1.fl.yelpcdn.com/bphoto/HpAaK-rP4hDh7oBiZfjhGg/o.jpg,https://www.yelp.com/biz/bandit-san-francisco?adjust_creative=Sb39Q_neG8ncCfDxiJ2TWw&utm_campaign=yelp_api_v3&utm_medium=api_v3_business_search&utm_source=Sb39Q_neG8ncCfDxiJ2TWw,511,Burgers,4.5,$$,37.78643,-122.414516,683 Geary St,San Francisco,CA,US,(415) 658-7780,"['After a tiring day at work, you can relax, for example, I relax by eating burgers and drinking juice. At the top of our house was this wonderful service...', 'We picked up breakfast from here multiple times on my visit to San Francisco. They have probably my favorite breakfast sandwich at a reasonable price for...', 'Perfect burger.Perfect price.Very good service.\n$12 for a burger that is made with American Kobe beef,toasted briosh bun,fresh produce.\nHard to beat.If you...']"
3tn9eZJhlhdSBwux440nSA,Chome,https://s3-media4.fl.yelpcdn.com/bphoto/lQvJugCqhIIiWlY0Aq-J5A/o.jpg,https://www.yelp.com/biz/chome-san-francisco-3?adjust_creative=Sb39Q_neG8ncCfDxiJ2TWw&utm_campaign=yelp_api_v3&utm_medium=api_v3_business_search&utm_source=Sb39Q_neG8ncCfDxiJ2TWw,144,Izakaya,4.5,$$,37.76209,-122.41924,2193 Mission St,San Francisco,CA,US,(415) 757-0922,"['Amazing place to sit back and have a good time with drinks and small bites! We went as a group and it took awhile to get a table but the wait was worth it....', 'Cozy, cute, hole in the wall spot in the mission serving delicious Japanese izakaya food with a modern twist. While it took a while to get seated after...', 'This place really is just lovely. The food was amazing, the service is very quick, and the staff were very nice!\n\nMy girlfriend and I came to Chome...']"
3sGEIoyXkMmc1YX1TYkSMg,Pancake Boy,https://s3-media2.fl.yelpcdn.com/bphoto/EJ9p6FvfqvBIXSpRqhYa0Q/o.jpg,https://www.yelp.com/biz/pancake-boy-san-francisco?adjust_creative=Sb39Q_neG8ncCfDxiJ2TWw&utm_campaign=yelp_api_v3&utm_medium=api_v3_business_search&utm_source=Sb39Q_neG8ncCfDxiJ2TWw,1118,Breakfast & Brunch,4.0,$$,37.75124,-122.43213,4007 24th St,San Francisco,CA,US,(415) 647-7037,"['Excellent breakfast! Efficient friendly service. Large portions. Would definitely return!', 'Great food and great service.\nStopped in here for brunch today and was pleasantly surprised.\nStaff was super friendly and helpful.\nTried the Lobster...', 'Pancakes are delicious and filling. Super fluffy!\n\nCorned beef hash was OK, you get soft potatoes with it but they definitely give you 2/3 potato and 1/3...']"
7tsN9N9mhfJRNTe37pLFMg,Burma Love,https://s3-media3.fl.yelpcdn.com/bphoto/Sd_ij4_9TyALdoNgwnzmaw/o.jpg,https://www.yelp.com/biz/burma-love-san-francisco-10?adjust_creative=Sb39Q_neG8ncCfDxiJ2TWw&utm_campaign=yelp_api_v3&utm_medium=api_v3_business_search&utm_source=Sb39Q_neG8ncCfDxiJ2TWw,1468,Burmese,4.0,$$,37.76961,-122.42205,211 Valencia St,San Francisco,CA,US,(415) 861-2100,"['Yea leaf salad is goated. I love Burma love. I love Burma love. The minced chicken and lamb curry GOATED eat here pretty please.', 'Ordered takeout today and loved the food, not the prices though :S\n\nFood ordered: Garlic eggplant, mint chicken for my partner, platha, and brown rice. The...', 'Excellent. We got the lamb, both salads, pitcher of beer, and the rounds crispy chicken balls. Regrettably no photos this time. \n\nMake reservations!']"
XhJ6ZYagcWNHpJ1H1KvNlQ,a Mano,https://s3-media4.fl.yelpcdn.com/bphoto/ezG_zJwov2QNZwyK14EkwA/o.jpg,https://www.yelp.com/biz/a-mano-san-francisco-2?adjust_creative=Sb39Q_neG8ncCfDxiJ2TWw&utm_campaign=yelp_api_v3&utm_medium=api_v3_business_search&utm_source=Sb39Q_neG8ncCfDxiJ2TWw,1322,Italian,4.0,$$,37.77696388,-122.4238685,450 Hayes St,San Francisco,CA,US,(415) 506-7401,"[""Our bartender was lovely. I don't recall his name but he had glasses and was serving us Tuesday night. Just great service and a great experience."", ""After running the San Francisco Marathon, I was craving a pizza.\n\nIt's pretty hard to get lunch foods delivered early in the day, but a Mano was on point! I..."", 'Always busy, and for good reason! a Mano is cute, tasty, and quite affordable by SF standards. We arrived on a Friday night at 7:30 after being on the Yelp...']"
2Mf1yO8mWcUMdnwDpSzWww,MAC'D,https://s3-media2.fl.yelpcdn.com/bphoto/BcWlclbqQKztkRdl249oSw/o.jpg,https://www.yelp.com/biz/macd-san-francisco-3?adjust_creative=Sb39Q_neG8ncCfDxiJ2TWw&utm_campaign=yelp_api_v3&utm_medium=api_v3_business_search&utm_source=Sb39Q_neG8ncCfDxiJ2TWw,364,Comfort Food,4.0,$$,37.7962,-122.42211,2127 Polk St,San Francisco,CA,US,(628) 867-6545,"[""I've always wanted to try Mac'd ever since it came out. But I never had the motivation to come. But never too late than never right. It's a small store..."", ""I'm a huge fan of Mac and cheese and hot Cheetos so was super excited to try this place. I got the basic mix w shells and topped w hot Cheetos. \n\nHonestly,..."", ""I have gotten MAC'd for lunch through my workplace lunch system called Forkable.  \n\nMy go-to order is always The Goddess: There's nothing like the heavenly...""]"
2Z8Dxpte4Ha6OsUTN-m7Ww,Kitchen Aloha,https://s3-media2.fl.yelpcdn.com/bphoto/DZMvmaMWwHfSw6UomHTcyw/o.jpg,https://www.yelp.com/biz/kitchen-aloha-san-francisco?adjust_creative=Sb39Q_neG8ncCfDxiJ2TWw&utm_campaign=yelp_api_v3&utm_medium=api_v3_business_search&utm_source=Sb39Q_neG8ncCfDxiJ2TWw,38,Poke,4.5,$$,37.782486,-122.4205112,752 Van Ness Ave,San Francisco,CA,US,(415) 510-1653,"['This place was absolutely delicious! It might have been the best spam musubi I have tasted in my life. The added crunch was such a nice touch. I also got...', '- I decided to treat myself before going in to work and I purchased the Chicken Teriyaki Bento with Sashimi and Shoyu Ahi Tuna Rice Poke bowl to-go. It was...', 'Simply delicious mixture of Hawaiian and Japanese dishes. Love that I can choose both, Spam Musubi which they have three kinds, Poke bowls they have those...']"
Wei8JiA-RBzuSnO_9X0FQ,Rooster & Rice,https://s3-media2.fl.yelpcdn.com/bphoto/zpBunisFjuyLrLU9XUaFVg/o.jpg,https://www.yelp.com/biz/rooster-and-rice-san-francisco-4?adjust_creative=Sb39Q_neG8ncCfDxiJ2TWw&utm_campaign=yelp_api_v3&utm_medium=api_v3_business_search&utm_source=Sb39Q_neG8ncCfDxiJ2TWw,491,Chicken Shop,4.5,$$,37.7979012,-122.4360554,2211 Filbert St,San Francisco,CA,US,(415) 776-3647,"['""This Location"" ESPECIALLY! \n\nI always come to this location vs the other ones. For some reason not sure if it\'s me but the service and the flavoring of...', 'I used to love Rooster & Rice right when they opened. However, over the years the quality became inconsistent. Then the price kept increasing from $12 an...', 'Heard about rooster and rice, so wanted to try their chicken rice. It was definitely sub par. The rice was not exactly flavorful when chicken rice usually...']"
prl4rkVXnSj2eVUFv-VZqw,707 Sutter,https://s3-media1.fl.yelpcdn.com/bphoto/NkUniUA6tFOF5S7G14y3QQ/o.jpg,https://www.yelp.com/biz/707-sutter-san-francisco?adjust_creative=Sb39Q_neG8ncCfDxiJ2TWw&utm_campaign=yelp_api_v3&utm_medium=api_v3_business_search&utm_source=Sb39Q_neG8ncCfDxiJ2TWw,813,Korean,4.0,$$,37.78866165,-122.412151,707 Sutter St,San Francisco,CA,US,(415) 346-7979,"['tldr: Now this is a great place to go to for a late night meal/snack, paired with a shot of refreshing yogurt soju. Great quality Korean food, bustling...', 'We were hungry after climbing and this was one of the few places still open on Google so we decided to give them a try! Wowza we were all blown away,...', 'top: spicy squid bottom: creamy ttokbokki\n\nWe were looking for a place to eat and thankfully this place was still open! Inside the place was so cute and...']"
Iq0137dlAydEXdKJorWJxw,Buster's Cheesesteak,https://s3-media3.fl.yelpcdn.com/bphoto/t-VFZEn-waCSGjcORWNyKg/o.jpg,https://www.yelp.com/biz/busters-cheesesteak-san-francisco?adjust_creative=Sb39Q_neG8ncCfDxiJ2TWw&utm_campaign=yelp_api_v3&utm_medium=api_v3_business_search&utm_source=Sb39Q_neG8ncCfDxiJ2TWw,889,American (Traditional),4.0,$$,37.79856,-122.40734,366 Columbus Ave,San Francisco,CA,US,(415) 392-2800,"[""Never disappoints. If you're in the mood for a greasy Philly cheesesteak this is the place to go. I went to another place and saw how skimpy the sandwich..."", ""Shout out to my coworker Paolo for introducing me to Buster's! I love a good sandwich and it's hard to find a Cheesesteak that hits all the marks. This one..."", ""Buster's cheesesteak was bussin.\nSo deliciously delicious omg. \nHavent had a good cheesesteak after visiting SF and still miss it til this day!""]"
g2ktKLz4rNTi8T5WUEUYuw,The Monk's Kettle,https://s3-media1.fl.yelpcdn.com/bphoto/Cvskqwgv0j2FeC4SINnT3g/o.jpg,https://www.yelp.com/biz/the-monks-kettle-san-francisco?adjust_creative=Sb39Q_neG8ncCfDxiJ2TWw&utm_campaign=yelp_api_v3&utm_medium=api_v3_business_search&utm_source=Sb39Q_neG8ncCfDxiJ2TWw,2283,Bars,4.0,$$,37.76472909,-122.4229749,3141 16th St,San Francisco,CA,US,(415) 865-9523,"['One of my favorite tap rooms in SF! I ended up coming here twice. Once on a Wednesday at 2pm and once on a Saturday at 4:45pm. Both were different due to...', 'Lamb burger was sooo dry.\n\nMonks burger was sooo mediocre. \n\nCrispy wings such a rip off with barely any flavor or crunch.\n\nI have no idea why this spot has...', ""This is a review of the staff, not the bar or drinks - \n\nThe bar is beautiful, location great and the beer selection is fun, tons of beers I'd never heard...""]"
kFgjHGp-cTUK5uPaSJOORA,Souvla,https://s3-media1.fl.yelpcdn.com/bphoto/Gg_ynaIhzIdfTxKXTQmfUA/o.jpg,https://www.yelp.com/biz/souvla-san-francisco?adjust_creative=Sb39Q_neG8ncCfDxiJ2TWw&utm_campaign=yelp_api_v3&utm_medium=api_v3_business_search&utm_source=Sb39Q_neG8ncCfDxiJ2TWw,1601,Greek,4.0,$$,37.77643,-122.425,517 Hayes St,San Francisco,CA,US,(415) 400-5458,"[""If you're ever in San Fransisco, then you have to try this place!\n\nI ordered the chicken salad which was filled with flavor. They gave a generous portion of..."", ""FYI: They don't have any trash cans laying out and about (at least when we went) so if you want to throw away your finished yogurt cup, ask the staff member..."", ""I was expecting a lot more honestly, especially since the chicken on the rotisserie looked really good and the pictures on yelp looked great. \n\nHere's what...""]"
HaAb_L9zVNLjJwrBkSf_Vw,Pier Market Seafood Restaurant,https://s3-media2.fl.yelpcdn.com/bphoto/s_EhPFXzOnue-RjrqasWGA/o.jpg,https://www.yelp.com/biz/pier-market-seafood-restaurant-san-francisco-2?adjust_creative=Sb39Q_neG8ncCfDxiJ2TWw&utm_campaign=yelp_api_v3&utm_medium=api_v3_business_search&utm_source=Sb39Q_neG8ncCfDxiJ2TWw,2631,Seafood,4.0,$$,37.80993865,-122.4105737,39 Pier,San Francisco,CA,US,(415) 989-7437,"[""Of the many places on Pier 39, we chose this place and we were NOT disappointed!! That one guy saying it's too loud was incorrect. It was a perfect date..."", 'Came here at around 8 pm on a Thursday and the wait was only 20 min for a party of three! I was seated after getting called in and immediately we ordered...', 'Food was great, atmosphere was great, service was great.  Drink was quite weak but very tasty.  \n\nI would go back again and again.']"
rdh_2_fXo5BeqYl_9OGZsA,Saap Ver Authentic Thai Cuisine,https://s3-media4.fl.yelpcdn.com/bphoto/YK8pR_x3lfV4PFcNqQn32g/o.jpg,https://www.yelp.com/biz/saap-ver-authentic-thai-cuisine-san-francisco-2?adjust_creative=Sb39Q_neG8ncCfDxiJ2TWw&utm_campaign=yelp_api_v3&utm_medium=api_v3_business_search&utm_source=Sb39Q_neG8ncCfDxiJ2TWw,608,Thai,4.0,$$,37.7698933,-122.4045964,88 Division St,San Francisco,CA,US,(415) 255-8188,"['Food tastes good but i consistently get food poisoning after coming here. Is it just me?', 'Full of flavors Thai foods and services was okay. \nI came here on Monday night for dinner around 6PM. The restaurant looks busy as this was my first time...', ""The best raw shrimp in town. \nIf you are going to order anytime make sure it's the shrimp. The atmosphere was very lively and the manager comes over to each...""]"
KjbJ8iQJZJybaB4g5W1A-Q,Beyond Cafe,https://s3-media3.fl.yelpcdn.com/bphoto/hBgVz7O2uJvDSRuM8tY4IQ/o.jpg,https://www.yelp.com/biz/beyond-cafe-san-francisco?adjust_creative=Sb39Q_neG8ncCfDxiJ2TWw&utm_campaign=yelp_api_v3&utm_medium=api_v3_business_search&utm_source=Sb39Q_neG8ncCfDxiJ2TWw,123,Chinese,4.5,$$,37.77241,-122.4075,1010 Bryant St,San Francisco,CA,US,(415) 565-7395,"['Omg this place is tasty !! \n\nWe ordered the soy sauce chicken, wonton lo mein noodles. And Beef stew lo mein wow \n\nGlad I found this spot! \n\nOver all 5 star...', 'Great noodles! \nA gem in the city here!\nRecommended highly. Definitely will come back the wontons are so delicious!', 'this review has to do with the customer service I experienced today. it has nothing to do with the food.\n\nI was stuck in traffic waiting to get on the...']"
VNkYnTGhOYw-IzuKA_msHg,The Thonglor,https://s3-media4.fl.yelpcdn.com/bphoto/N91H4wB9_CHDzN4flsQ76g/o.jpg,https://www.yelp.com/biz/the-thonglor-san-francisco-2?adjust_creative=Sb39Q_neG8ncCfDxiJ2TWw&utm_campaign=yelp_api_v3&utm_medium=api_v3_business_search&utm_source=Sb39Q_neG8ncCfDxiJ2TWw,229,Thai,4.5,$$,37.78726,-122.41038,420 Geary St,San Francisco,CA,US,(415) 346-3121,"['Every single item that came out of the kitchen past my table because we were right in the entranceway. And every single item left me an Envy of the table it...', 'I was in the mood for some great Thai food and this tiny hole in the wall was just what I was looking for. The staff was very friendly, and we were able to...', ""It's difficult because it resembles a shack, but try not to be sidetracked by their appearance! \n\nWe ordered appetizers and the main course, all of which...""]"
ziDJD2-M38PUEmft4kJ8nQ,SoMa StrEat Food Park,https://s3-media1.fl.yelpcdn.com/bphoto/R2MiYujs1X4I8QiDTd3AbA/o.jpg,https://www.yelp.com/biz/soma-streat-food-park-san-francisco-4?adjust_creative=Sb39Q_neG8ncCfDxiJ2TWw&utm_campaign=yelp_api_v3&utm_medium=api_v3_business_search&utm_source=Sb39Q_neG8ncCfDxiJ2TWw,878,Food Trucks,4.5,$$,37.76985,-122.41175,428 11th St,San Francisco,CA,US,,"['Great variety of food trucks and a great ambience.\nI totally recommend De La Calle food truck. Great Mexican street food!', 'I used to come to this food truck park multiple times a week as I lived nearby. I loved all the great trucks and would attend events and have game meetups...', ""Expensive, not too much options and very far from everything. Definitely not worth it. \nI got there around 3 hours before they closed and already doesn't...""]"
7dHj1XDVA_7AYXTfp5i-BQ,MOMO noodle,https://s3-media3.fl.yelpcdn.com/bphoto/PLMiHaE7EZgSvPetGq5A4Q/o.jpg,https://www.yelp.com/biz/momo-noodle-san-francisco?adjust_creative=Sb39Q_neG8ncCfDxiJ2TWw&utm_campaign=yelp_api_v3&utm_medium=api_v3_business_search&utm_source=Sb39Q_neG8ncCfDxiJ2TWw,99,Noodles,4.0,$$,37.79105377,-122.4019318,,San Francisco,CA,US,(408) 800-6819,"['Brought a couple of friends to experience Spark Social (food truck location) :)\n\nFirst Impression: Spark Social vibes are uncomparable - lots of really...', 'WHEN: Sunday @ 3pm\n\nLocated at Spark Social in mission bay. Momo noodle is a food truck, you use the iPad for ordering, then it prints out a number for you...', 'Easily one of the best noodle trucks in the peninsula. i ordered the Spicy Pork and yes it is more than enough to fill. I suggest drinking water as it is...']"
w3mpnxz64nU8VwHDLz3S6g,Breadbelly,https://s3-media2.fl.yelpcdn.com/bphoto/XNTsE9uUBUsWOsTuyGRvng/o.jpg,https://www.yelp.com/biz/breadbelly-san-francisco?adjust_creative=Sb39Q_neG8ncCfDxiJ2TWw&utm_campaign=yelp_api_v3&utm_medium=api_v3_business_search&utm_source=Sb39Q_neG8ncCfDxiJ2TWw,392,Bakeries,4.5,$$,37.78275,-122.47439,1408 Clement St,San Francisco,CA,US,(415) 349-0969,"['Honestly fantastic. Everything we had here was *very* good, despite the (eye poppingly) high prices (for a bakery).\n\nThe shrimp sandwich was totally worth...', 'We went around 11am on a Sunday and had to wait in a decent line. They have a cute outdoor seating area and that was packed, but luckily a seat was open...', 'I never believed in a love worth changing everything about yourself they always tell you about. At least not until today.\n\nIt was one of those usual days of...']"
OOlS_RmdMk1LHtgOQWoHoA,Tanglad,https://s3-media3.fl.yelpcdn.com/bphoto/jzNmvepv5zG5fbBOXfmtWw/o.jpg,https://www.yelp.com/biz/tanglad-san-francisco?adjust_creative=Sb39Q_neG8ncCfDxiJ2TWw&utm_campaign=yelp_api_v3&utm_medium=api_v3_business_search&utm_source=Sb39Q_neG8ncCfDxiJ2TWw,198,Vietnamese,4.5,$$,37.761492,-122.434844,469 Castro St,San Francisco,CA,US,(415) 624-3238,"['came here with 5 friends and every single one of us liked it!! \nwe got 2 bowls of pho, pork vermicelli, 5 spice chicken rice dish, banh mi, and garlic...', 'Mildly seasoned 5-spice chicken and garlic noodles. The lemongrass beef was very well seasoned. I preferred the lemongrass beef  over the 5-spice...', 'Ordered takeout from here after seeing the many positive reviews - vegetarian pho for myself and five-spice chicken pho for my husband. Additionally, veggie...']"
kUxtjTa2vCSWQvr00YwxQw,Kazan,https://s3-media3.fl.yelpcdn.com/bphoto/YFjJ96YGoB-U2j0GFpZ7UQ/o.jpg,https://www.yelp.com/biz/kazan-san-francisco?adjust_creative=Sb39Q_neG8ncCfDxiJ2TWw&utm_campaign=yelp_api_v3&utm_medium=api_v3_business_search&utm_source=Sb39Q_neG8ncCfDxiJ2TWw,531,Japanese,4.5,$$,37.752694,-122.408469,2809 24th St,San Francisco,CA,US,(415) 282-2001,"[""Best Sushi spot in all of SF for value, taste and quality. \n\nI've been here 3x and always order the sashimi omakase because it's just the best in town...."", 'Was working in San Fran and before my scout I hit a what seems to be a local whole in the wall place! KAZAN is definitely a very nice place to come dine in!...', 'Food: 3/5\nService: 3.5/5\nAmbiance: 3.5/5\nOverall: Food was pretty standard fare in my opinion.\n\nThe extended review...\n\nFood:\n\nBeef Gyoza - 3/5 - A good...']"
bUr4iq2mKKiBOu2HKynylg,HRD,https://s3-media1.fl.yelpcdn.com/bphoto/G05B7mvYPHBpGu1wP1NK_Q/o.jpg,https://www.yelp.com/biz/hrd-san-francisco-4?adjust_creative=Sb39Q_neG8ncCfDxiJ2TWw&utm_campaign=yelp_api_v3&utm_medium=api_v3_business_search&utm_source=Sb39Q_neG8ncCfDxiJ2TWw,2524,Asian Fusion,4.0,$$,37.78110658,-122.3953297,521A 3rd St,San Francisco,CA,US,(415) 543-2355,"['This place is solid for Asian fusion food! They have Asian inspired proteins including panko-crusted shrimp, wild cod katsu, tuna poke, and bulgogi beef....', 'We to HRD for a quick lunch, after looking at the different reviews and getting excited for a unique burrito! Once there you basically order and get a...', 'Great fusion cuisine coffee shop!!! I just love it.\nWhat I always come for is the Kimchi Burrito, Korean/Mexican meal on the go, simply genius.\nTotally...']"
25jFWHEbHmQbaTxaM_UfTg,Good Gai's,https://s3-media3.fl.yelpcdn.com/bphoto/26MSE7cdi4jDbFzthgGKvw/o.jpg,https://www.yelp.com/biz/good-gais-san-francisco-3?adjust_creative=Sb39Q_neG8ncCfDxiJ2TWw&utm_campaign=yelp_api_v3&utm_medium=api_v3_business_search&utm_source=Sb39Q_neG8ncCfDxiJ2TWw,41,Chicken Shop,4.5,$$,37.74192592,-122.4036519,2723 Oakdale Ave,San Francisco,CA,US,(415) 796-3906,"[""Good Gai's is a solid Khao Man Gai (Chicken and Rice) spot that opened up in Hawker Alley in the Bayview. So happy to see good eats popping up closer to..."", ""Simply the best Hainan chicken rice in SF. And relatively affordable to boot!\n\nI'm also a big fan of the steamed baos, particularly the miso tofu.\n\nLove..."", 'This might be the best spot for Karaage chicken in SF! You get so much for what you pay for, and the dipping sauces that came with the chicken were so good....']"
IJk76B-pTta_klpAZcpQdA,Lou's Cafe,https://s3-media4.fl.yelpcdn.com/bphoto/zjE21goq1XUXE3iFzlLSuA/o.jpg,https://www.yelp.com/biz/lous-cafe-san-francisco?adjust_creative=Sb39Q_neG8ncCfDxiJ2TWw&utm_campaign=yelp_api_v3&utm_medium=api_v3_business_search&utm_source=Sb39Q_neG8ncCfDxiJ2TWw,1746,Coffee & Tea,4.5,$,37.78045,-122.4732925,5017 Geary Blvd,San Francisco,CA,US,(415) 379-4429,"[""Lou's Cafe, I like you!\nThe shop feels welcoming, the staff are nice, the prices are very reasonable.\nSimple, no gimmick sandwiches.\nI like this location..."", 'I went there today in person and I was told the order is 15 min then after 20 find out they are working on a huge catering order the Tian place from last...', ""maybe it's because it's a holiday weekend or maybe it's because it's busy but i ordered on yelp and it notified me that my sandwiches were ready at 1:30pm....""]"
3sGEIoyXkMmc1YX1TYkSMg,Pancake Boy,https://s3-media2.fl.yelpcdn.com/bphoto/EJ9p6FvfqvBIXSpRqhYa0Q/o.jpg,https://www.yelp.com/biz/pancake-boy-san-francisco?adjust_creative=Sb39Q_neG8ncCfDxiJ2TWw&utm_campaign=yelp_api_v3&utm_medium=api_v3_business_search&utm_source=Sb39Q_neG8ncCfDxiJ2TWw,1119,Breakfast & Brunch,4.0,$$,37.75124,-122.43213,4007 24th St,San Francisco,CA,US,(415) 647-7037,"['Excellent breakfast! Efficient friendly service. Large portions. Would definitely return!', 'Great food and great service.\nStopped in here for brunch today and was pleasantly surprised.\nStaff was super friendly and helpful.\nTried the Lobster...', 'Pancakes are delicious and filling. Super fluffy!\n\nCorned beef hash was OK, you get soft potatoes with it but they definitely give you 2/3 potato and 1/3...']"
_BDoTBI2YlyUaWFOXBEF8Q,Sababa,https://s3-media1.fl.yelpcdn.com/bphoto/ZJldXjthPCLVjeJi2H1YVg/o.jpg,https://www.yelp.com/biz/sababa-san-francisco?adjust_creative=Sb39Q_neG8ncCfDxiJ2TWw&utm_campaign=yelp_api_v3&utm_medium=api_v3_business_search&utm_source=Sb39Q_neG8ncCfDxiJ2TWw,375,Mediterranean,4.5,$$,37.79118324,-122.4042898,329 Kearny St,San Francisco,CA,US,(415) 800-6853,"[""Alas, this is the last of the three Sababas that existed pre-pandemic in San Francisco. Now that I'm back at the office, this was my first regular lunch..."", 'Sababa first landed on my radar after my team catered here for a lunch meeting, and the vivid memory of warm and fluffy pita inspired me to visit again....', ""Ok, so a fast, fresh, healthy place where you can get delicious tasting food? Let's try Sababa! And I did. Absolutely delicious. You can watch them baking...""]"
NwqdohySKrDnK0RsAde9UA,Hot Sauce and Panko,https://s3-media1.fl.yelpcdn.com/bphoto/gqkZBrUjvBDkDUr3ByNO7Q/o.jpg,https://www.yelp.com/biz/hot-sauce-and-panko-san-francisco?adjust_creative=Sb39Q_neG8ncCfDxiJ2TWw&utm_campaign=yelp_api_v3&utm_medium=api_v3_business_search&utm_source=Sb39Q_neG8ncCfDxiJ2TWw,1261,Chicken Wings,4.5,$,37.794505,-122.417957,1468 Hyde St,San Francisco,CA,US,(415) 359-1908,"[""Who doesn't like crispy wings! Yumm this place is a hole in the wall and sooo good. Just FYI- They do not have any seating, it's a take out only. \n\nWe tried..."", ""As a lover of all things chicken wings, I can't believe it's taken me this long to try Hot Sauce and Panko. People have always told me they got some the..."", ""Stop reading if you don't like hole in the wall/diamonds in the rough.\n\nStop reading if you don't like perfectly balanced and seasoned fried chicken wings...""]"
tKmqlKWOMMiU8pn0gLliXA,Flores,https://s3-media3.fl.yelpcdn.com/bphoto/zcXf5H14-zautn9q2-XxHw/o.jpg,https://www.yelp.com/biz/flores-san-francisco?adjust_creative=Sb39Q_neG8ncCfDxiJ2TWw&utm_campaign=yelp_api_v3&utm_medium=api_v3_business_search&utm_source=Sb39Q_neG8ncCfDxiJ2TWw,821,Mexican,4.0,$$,37.7976161,-122.4325806,2030 Union St,San Francisco,CA,US,(415) 796-2926,"['Went for a couple drinks at the bar, and had the best time! The drinks were amazing, and the bartender Ramón made the night even better. Special shout out...', 'Amazing tacos during happy hour! Colorado is a must try as well as the Chips and molcajete salsa.', ""Stunning bar noise.\n\nThe toastedas were just great - but everything else was extraordinary.\n\nOrder sesame if it's on the menu - it's silky nice and...""]"
WnQoN1uV65vacUj0q1TgoQ,Volcano,https://s3-media3.fl.yelpcdn.com/bphoto/mhYGCdduzVslyuq-ZTsbEA/o.jpg,https://www.yelp.com/biz/volcano-san-francisco?adjust_creative=Sb39Q_neG8ncCfDxiJ2TWw&utm_campaign=yelp_api_v3&utm_medium=api_v3_business_search&utm_source=Sb39Q_neG8ncCfDxiJ2TWw,1295,Japanese Curry,4.0,$$,37.78067,-122.47802,5454 Geary Blvd,San Francisco,CA,US,(415) 752-7671,"['My absolute favorite Japanese curry spot in SF. Such comforting and flavor some food. Casual spot. You order at the register, sit at whatever table is...', 'This place great.  I had the fried fish (they use the same panko  crust) with medium spicy curry sauce and it was perfect.  I also added eggplant and...', '** Extremely reliable, low-key spot for some tasty Japanese Curry without breaking the bank. Would highly recommend for a to-go meal or a casual bite.\n\nThe...']"
Y3nxgEoxwFJ5miacMzYNXg,Hook Fish,https://s3-media1.fl.yelpcdn.com/bphoto/xANyBZXuQfesVErviYRF3w/o.jpg,https://www.yelp.com/biz/hook-fish-san-francisco-6?adjust_creative=Sb39Q_neG8ncCfDxiJ2TWw&utm_campaign=yelp_api_v3&utm_medium=api_v3_business_search&utm_source=Sb39Q_neG8ncCfDxiJ2TWw,828,Seafood,4.5,$$,37.76237,-122.50685,4542 Irving St,San Francisco,CA,US,,"[""I mostly love this place and it's almost always great!\n\nBut unfortunately I got a bit sick after the last time I ate here as did the 2 other people I had..."", ""Went on a Sunday at 3pm. Long line but well worth the wait! Got a two piece fish and chips, and this was some of the best fried fish I've ever had. The fish..."", 'WHAT US UP WITH THIS PLACE. Disclaimer: I am Mexican and acknowledge burritos are different already, and can go on for hours about what a burrito should...']"
5o24fe7v2Z0dgt3TCkZ1ww,Milkbean,https://s3-media1.fl.yelpcdn.com/bphoto/SsSI2kH4Yq68hcZJJmdnkQ/o.jpg,https://www.yelp.com/biz/milkbean-san-francisco-4?adjust_creative=Sb39Q_neG8ncCfDxiJ2TWw&utm_campaign=yelp_api_v3&utm_medium=api_v3_business_search&utm_source=Sb39Q_neG8ncCfDxiJ2TWw,290,Cafes,4.5,$,37.7871613,-122.4162122,881 Post St,San Francisco,CA,US,(415) 866-8811,"['came across this spot while on the go & i was pleasantly surprised! super sweet staff & my latte was perfection! cant wait to come back (:', 'Editing my review after I had one of their sandwiches and the service has been better! I keep coming back for their sandwiches now and their lavender latte...', ""Been here a few times already, but didn't write a review until now. Great sandwiches (huge!) and a cute spot which is unexpectedly nice.""]"
2TEUeYh5f4YOW_s1TZ_daQ,Poké Bar,https://s3-media2.fl.yelpcdn.com/bphoto/wq133IvH-XVJDSQ16c4Njg/o.jpg,https://www.yelp.com/biz/pok%C3%A9-bar-san-francisco-2?adjust_creative=Sb39Q_neG8ncCfDxiJ2TWw&utm_campaign=yelp_api_v3&utm_medium=api_v3_business_search&utm_source=Sb39Q_neG8ncCfDxiJ2TWw,240,Asian Fusion,4.0,$$,37.77643535,-122.4170176,1355 Market St,San Francisco,CA,US,(415) 494-9077,"['Amazing \nSimply amazing!\nQuick, friendly, freshest, and best ingredients!\nBeen here so many times , never disappoint.', 'I ordered Firecracker with raw Ahi Tuna. All vegetables were delicious, fish is fresh, and it is fast to get your poke bowl.', 'Solid poke place! I first tried poke bar at their Berkeley location, and subsequent visits other locations have never let me down. I love the freshness of...']"
M4G48CR-n5ns-LmGyuLrwA,Boogaloos,https://s3-media3.fl.yelpcdn.com/bphoto/aANGr_62D22H3_WkJQZJ1A/o.jpg,https://www.yelp.com/biz/boogaloos-san-francisco?adjust_creative=Sb39Q_neG8ncCfDxiJ2TWw&utm_campaign=yelp_api_v3&utm_medium=api_v3_business_search&utm_source=Sb39Q_neG8ncCfDxiJ2TWw,1145,American (Traditional),4.0,$$,37.75548,-122.42068,3296 22nd St,San Francisco,CA,US,(415) 896-4611,"['Boogaloos is located on a part of Valencia where parking gets very tight so plan accordingly. As for the space, the Boogaloos interior is comfortable, with...', ""They seem to have recently updated their menu, but this is my first time visiting. It doesn't look like like much but this time is rocking out solid..."", ""Such an amazing deal! A place like this is hard to come by in SF. Boogaloos was introduced to me by a friend and I can't believe I hadn't heard of it...""]"
lXMdrPSUmA9HfoHosOvzbQ,Mamahuhu,https://s3-media3.fl.yelpcdn.com/bphoto/hG4hMBulh_DEn9YB29OXlQ/o.jpg,https://www.yelp.com/biz/mamahuhu-san-francisco-2?adjust_creative=Sb39Q_neG8ncCfDxiJ2TWw&utm_campaign=yelp_api_v3&utm_medium=api_v3_business_search&utm_source=Sb39Q_neG8ncCfDxiJ2TWw,261,Chinese,4.0,$$,37.78267,-122.46493,517 Clement St,San Francisco,CA,US,(415) 742-4958,"[""This casual dining restaurant is a perfect spot to taste a handful of delicious and simple dishes designed by Brandon Jew of Mister Jiu's in Chinatown.\n\nIf..."", 'I will be honest -- my original thought on this place was worry that it would be extremely westernized flavors. The decor is super hip and Instagram...', ""3.5 stars\n\nThe chicken sandwich here is very affordable compared to all the other cheffy ones across the city. But I didn't love the sweet and spicy sauce...""]"
Jx_JunTUJf3OuRh3g9oSPw,DragonEats,https://s3-media1.fl.yelpcdn.com/bphoto/rStczBRr_u5PgV5jaXINAA/o.jpg,https://www.yelp.com/biz/dragoneats-san-francisco-3?adjust_creative=Sb39Q_neG8ncCfDxiJ2TWw&utm_campaign=yelp_api_v3&utm_medium=api_v3_business_search&utm_source=Sb39Q_neG8ncCfDxiJ2TWw,429,Vietnamese,4.0,$,37.786299,-122.395604,555 Folsom St,San Francisco,CA,US,(415) 795-1169,"[""Been there 3 times in a month and that is quite rare for me!!\n\nI am a vegetarian so I've had their tofu bahn me and their tofu rice noodle bowl and they are..."", 'One of my favorite places to grab a quick lunch. The first two times I came here they ran out of the duck, but I was finally able to try it this week.\n\n-...', 'I had dragoneats for the second time today and was so incredibly happy to finally find a lunch spot out of my usual chipotle bowl. \n\nThis place is a great...']"
CQVKVFsloVhvZw-_O1nXPA,Sandy's SF,https://s3-media3.fl.yelpcdn.com/bphoto/ROT4p9FWZYTPH92jjYHRTQ/o.jpg,https://www.yelp.com/biz/sandys-sf-san-francisco?adjust_creative=Sb39Q_neG8ncCfDxiJ2TWw&utm_campaign=yelp_api_v3&utm_medium=api_v3_business_search&utm_source=Sb39Q_neG8ncCfDxiJ2TWw,50,Sandwiches,5.0,$$,37.78886,-122.44084,2901 Sacramento St,San Francisco,CA,US,(332) 203-2152,"[""Sandy's SF is located inside and in the rear of Maison Corbeaux (aka. London Market), a local seller of fine wines and alcohol. The Sandy's SF roasted..."", ""Sandy's SF makes the best muffaletta and I've been to New Orleans for the original - Sandy's has a little bit of spice (jalapeños is added to the..."", 'Thanks to a food delivery company (Pastel (https://www.yelp.com/biz/pastel-san-francisco)), I was introduced to this business.  In going down the list of...']"
t6TROjhvQzXJEhjI_nm08g,Ly's Vietnamese Cuisine,https://s3-media1.fl.yelpcdn.com/bphoto/VPM6NyJA218VWrP8cSflHQ/o.jpg,https://www.yelp.com/biz/lys-vietnamese-cuisine-san-francisco?adjust_creative=Sb39Q_neG8ncCfDxiJ2TWw&utm_campaign=yelp_api_v3&utm_medium=api_v3_business_search&utm_source=Sb39Q_neG8ncCfDxiJ2TWw,530,Vietnamese,4.5,$$,37.80029,-122.43063,1779 Lombard St,San Francisco,CA,US,(415) 563-1927,"[""If you are a Pho enthusiast you need to try Ly's. \n\nI lived in San Jose for a while and the Pho there was amazing! When I moved to the city I was..."", 'The young waitress had such an attitude. She talked like you owe her huge amount of money.\n\nAlso when I asked her if she forgot to order the Vietnamese...', 'I do not understand the high ratings. I got delivery of pho and imperial rolls. I was surprised, they included half the toppings most places do: there was 0...']"
5iZp3XBPOUTIqQY7vGAfVA,Hotline,https://s3-media3.fl.yelpcdn.com/bphoto/VO8rMtH4In-1uNV8VoS3NQ/o.jpg,https://www.yelp.com/biz/hotline-san-francisco?adjust_creative=Sb39Q_neG8ncCfDxiJ2TWw&utm_campaign=yelp_api_v3&utm_medium=api_v3_business_search&utm_source=Sb39Q_neG8ncCfDxiJ2TWw,29,Korean,4.0,$$,37.74203,-122.50446,3560 Taraval St,San Francisco,CA,US,(415) 702-6301,"['So I thought this was going to be a fast casual steam table joint.  Turned out you order at the counter and your food is made-to-order, which is fine by me...', 'Fans of Korean-Chinese food, we stopped by Hotline for a bite. Wow, did Hotline deliver with family-sized portions, perfect for sharing!\n\nWe ordered...', 'I came here for dinner with a friend yesterday and was overall impressed! \n\nI tried their one entree + one side combo (was a little sad they got rid of...']"
YN01xIvPUgJeQer8EWgjyQ,Sol Food Mill Valley,https://s3-media1.fl.yelpcdn.com/bphoto/2uqHd9jeg0YrGdI2WE6W4Q/o.jpg,https://www.yelp.com/biz/sol-food-mill-valley-mill-valley?adjust_creative=Sb39Q_neG8ncCfDxiJ2TWw&utm_campaign=yelp_api_v3&utm_medium=api_v3_business_search&utm_source=Sb39Q_neG8ncCfDxiJ2TWw,985,Latin American,4.0,$$,37.89787,-122.53555,401 Miller Ave,Mill Valley,CA,US,(415) 380-1986,"['First time coming to the Mill Valley location. It is take out only. I had seen a review that there was outdoor seating, but there were no tables or chairs...', 'After an epic Dipsea hike or any hike in Marin calls for amazing food to reward yourself with. Sol Food is an amazing choice. For this location, the...', 'The Cubano at this place is awesome!!!\n\nAlso, the plantains &fries are solid\n\nTry it out']"
MNhRp6GhBiwCgGycyI6Mdw,Cielito Lindo,https://s3-media1.fl.yelpcdn.com/bphoto/nAZ-dTZMqpfar2OEslQKNQ/o.jpg,https://www.yelp.com/biz/cielito-lindo-san-francisco?adjust_creative=Sb39Q_neG8ncCfDxiJ2TWw&utm_campaign=yelp_api_v3&utm_medium=api_v3_business_search&utm_source=Sb39Q_neG8ncCfDxiJ2TWw,237,Mexican,4.5,$$,37.7759231,-122.4957889,3450 Balboa St,San Francisco,CA,US,(415) 742-0959,"['Birria has taken the West Coast foodie scene by storm. One place in which you can find a quality rendition of these stewed meats is here at Cielito Lindo,...', 'I really like this place but last time and it was my favorite also. However I found a cigarette between the burrito and the aluminum foil.\nWhen I called to...', 'A quickly visit to San Francisco to ride the Golden Gate Bridge. Ridding the bridge got us hungry and stomped upon this restaurant. \n\nThe inside is simple...']"
oXjd7i1LAgeAWcMup0N1zg,Aburaya Japanese Fried Chicken,https://s3-media4.fl.yelpcdn.com/bphoto/Wi8T9wybSihGmtOpv-YpHg/o.jpg,https://www.yelp.com/biz/aburaya-japanese-fried-chicken-oakland-2?adjust_creative=Sb39Q_neG8ncCfDxiJ2TWw&utm_campaign=yelp_api_v3&utm_medium=api_v3_business_search&utm_source=Sb39Q_neG8ncCfDxiJ2TWw,853,Izakaya,4.0,$$,37.8059903,-122.2676427,362 17th St,Oakland,CA,US,(510) 502-7743,"['Always be consistent and really good!\n\nWe get the 8 piece with the rice and salad for $2.00 extra and ask for the garlic and bbq type chicken.\nThis feeds...', ""Did you get to Hawai'i and then realize that you couldn't eat local food cuz you're gluten intolerant and everything has soy sauce?!\n\nGluten free Loco Moco..."", ""This review is just for the tofu rice bowl, so if you want chicken this is not the one read. I've tried the bbq sauce but the garlic miso rub is where it's...""]"
iMyA8ZgPZrQjSzhS_T-z9Q,Banh Mi Love,https://s3-media3.fl.yelpcdn.com/bphoto/bcox_GbeZ5T5oLzgeJ7MHw/o.jpg,https://www.yelp.com/biz/banh-mi-love-san-francisco?adjust_creative=Sb39Q_neG8ncCfDxiJ2TWw&utm_campaign=yelp_api_v3&utm_medium=api_v3_business_search&utm_source=Sb39Q_neG8ncCfDxiJ2TWw,75,Vietnamese,4.5,$,37.7301499,-122.4764287,597 Buckingham Way,San Francisco,CA,US,(415) 941-7814,"['After a shift volunteering with the SF Food Bank pop nearby at the YMCA, I was hung-gray!  Thankfully I remembered that I needed to stop by Banh Mi Love for...', 'I really, really, really wanted to love this place. Like I read the reviews the night before and was so excited to try it. I found it inside the business...', ""Holy cow, where's that bonus star??! Cuz Banh Mi Love deserves 6 stars and they have my eternal love, forever and always! I've been skeptical about coming...""]"
q1Mv7oQSOorl4a9zbtl-rQ,Marugame Udon,https://s3-media3.fl.yelpcdn.com/bphoto/BQxRHkBkV1yCRgufMMPUsw/o.jpg,https://www.yelp.com/biz/marugame-udon-san-francisco-4?adjust_creative=Sb39Q_neG8ncCfDxiJ2TWw&utm_campaign=yelp_api_v3&utm_medium=api_v3_business_search&utm_source=Sb39Q_neG8ncCfDxiJ2TWw,2150,Japanese,4.0,$$,37.727494,-122.476531,3251 20th Ave,San Francisco,CA,US,(415) 680-1280,"['I came around 6:45 PM on a Friday, and the wait was about 15 minutes. Once I reached the counter where you start ordering, I got my food fairly quickly....', ""I remember when this spot first opened and there would long lines \n that would twirl around outside. Present day, lines aren't as lone (thankfully). I came..."", '""If you pull it, you better use it."" - Black Rain\n\nI\'ve been to Marugame Udon dozens of times, but this was when I lived in Honolulu with my given parts to...']"
IZDjh1y4m6d6wnG0gHZnQg,Chef Reina,https://s3-media4.fl.yelpcdn.com/bphoto/0B13eDh9Phz6VM3X5VLSGA/o.jpg,https://www.yelp.com/biz/chef-reina-brisbane?adjust_creative=Sb39Q_neG8ncCfDxiJ2TWw&utm_campaign=yelp_api_v3&utm_medium=api_v3_business_search&utm_source=Sb39Q_neG8ncCfDxiJ2TWw,66,Filipino,4.5,$$,37.6840826,-122.4026487,33 Visitacion Ave,Brisbane,CA,US,(650) 989-8606,"[""Must order: Laing! But it's seasonal so may not be available every time I go. So sad.\n\nThe spam musubi feel like it's not very worth it as a single item...."", 'I ordered tocino and lechon kawali. Its very hard to imitate lechon kuwali and tocino. For what it is and its ""vegan"" filipino food. Its pretty good but...', 'So so good! Good portions, quick pickup, and super friendly staff. Danielle took our order and checked us out and was so sweet & super friendly. We will be...']"
K24TuqugeeJVkaFkS166BA,Yuanbao Jiaozi,https://s3-media3.fl.yelpcdn.com/bphoto/KcHmgBG-18MWZeyScOl85g/o.jpg,https://www.yelp.com/biz/yuanbao-jiaozi-san-francisco-2?adjust_creative=Sb39Q_neG8ncCfDxiJ2TWw&utm_campaign=yelp_api_v3&utm_medium=api_v3_business_search&utm_source=Sb39Q_neG8ncCfDxiJ2TWw,468,Chinese,4.5,$$,37.76356,-122.48067,2110 Irving St,San Francisco,CA,US,(415) 702-6506,"[""So, I've been eating here a lot. Employees are super friendly, kind, and patient. I come here to often that I'm basically a regular. Me, my mom, and my..."", ""First time here and O-M-G I can't recommend this enough. Great value and delicious food.\n\nWe came on a Sunday during lunch and there was about a ~10 minute..."", ""This place is such a hidden gem! Definitely recommend the Shrimp & Zucchini Dumplings and the Shrimp, Chive, & Egg Dumplings. They're so warm, tender, and...""]"
4EP1xjPpLFa2Cn_tZGHlYw,Amy's Drive Thru,https://s3-media2.fl.yelpcdn.com/bphoto/DyicDMv_vCGOUZhTF-qlnA/o.jpg,https://www.yelp.com/biz/amys-drive-thru-corte-madera-2?adjust_creative=Sb39Q_neG8ncCfDxiJ2TWw&utm_campaign=yelp_api_v3&utm_medium=api_v3_business_search&utm_source=Sb39Q_neG8ncCfDxiJ2TWw,198,Burgers,4.0,$$,37.92444471,-122.5130954,5839 Paradise Dr,Corte Madera,CA,US,(415) 737-6055,"[""Didn't realize amy's is the same as the brand you can find in the grocery store frozen sections!\n\nI fell in love with this place so fast since they have..."", ""taxes vegans\n\nnon dairy milkshake $6.99 and cruelty shake is $5 99\n\nnice to have this option but do better.\n\nlet the ' vegitarians' subsidize the vegans....."", ""I had this impression of Amy's Drive Thru serving the same type of mediocre frozen food you can find in the grocery store. Haha I was wrong. \n\nThe...""]"
4-ra3RxOy1PpvnaK49dy8w,Eight AM,https://s3-media4.fl.yelpcdn.com/bphoto/8TFLuxxAOIkJRiVp5cQWBQ/o.jpg,https://www.yelp.com/biz/eight-am-san-francisco?adjust_creative=Sb39Q_neG8ncCfDxiJ2TWw&utm_campaign=yelp_api_v3&utm_medium=api_v3_business_search&utm_source=Sb39Q_neG8ncCfDxiJ2TWw,1551,American (New),4.5,$$,37.80627592,-122.4191954,1323 Columbus Ave,San Francisco,CA,US,(415) 292-4888,"['We are here multiple times during our SF trip--the food was amazing and service very attentive. Will definitely be eating here on our next trip.', ""We are locals but live about 2 hours away now so decided to play 'tourist' \nChecked online for places to eat near our hotel and this place popped up...."", 'Great food! Excellent quality! There were 6 of us and everyone left extremely satisfied. We enjoyed the avocado toast, a few bagel fix ups, a frittata, and...']"
ZdKUKq7A94x9cEobARf2cA,Breakfast at Tiffany's,https://s3-media1.fl.yelpcdn.com/bphoto/YjZYF7Vz6JbsZYfwIt5WPw/o.jpg,https://www.yelp.com/biz/breakfast-at-tiffanys-san-francisco?adjust_creative=Sb39Q_neG8ncCfDxiJ2TWw&utm_campaign=yelp_api_v3&utm_medium=api_v3_business_search&utm_source=Sb39Q_neG8ncCfDxiJ2TWw,1033,Diners,4.0,$$,37.73045383,-122.404732,2499 San Bruno Ave,San Francisco,CA,US,(415) 468-8805,"[""Best thing about this place is the fresh squeezed orange juice, always really cool and sweet! \n\nI order the Tiffany's all meat tater tot skillet almost..."", 'Delicious and such a fun atmosphere!\nOur waitress was so attentive and sweet even sitting at the bar. \nWe both loved it!', 'The Trio Benedict was delicious, but the hash browns were bland and not crispy. I recommend ordering tater tots instead.\n\nThey also forgot about our...']"
a-Lf60V3BDdS27la95VQWA,Hodala,https://s3-media3.fl.yelpcdn.com/bphoto/aFrde5SlRjFVFqiFM8gxsg/o.jpg,https://www.yelp.com/biz/hodala-san-francisco?adjust_creative=Sb39Q_neG8ncCfDxiJ2TWw&utm_campaign=yelp_api_v3&utm_medium=api_v3_business_search&utm_source=Sb39Q_neG8ncCfDxiJ2TWw,633,Taiwanese,4.0,$$,37.78000541,-122.4816843,5801 Geary Blvd,San Francisco,CA,US,(415) 702-9510,"['I like this restaurant  I think their stuff are really nice \nThe food are so yummy \nReally good\nI like the fired chicken', 'Hodala Ratings: 4/5\n\nFood: 4/5 - I was searching for some comfort food after long travels, and Hodala caught my attention. I am always on the hunt for good...', 'Definitely a hole in the wall. This was my first time here and my favorite dish was the Taiwanese pork belly gua bao.\n\nThey have a large variety of drinks...']"
xpxqr2WJRbLaBakdUrlfTw,STIX,https://s3-media2.fl.yelpcdn.com/bphoto/BPpfcpwcs4bHNo7IL5_t0w/o.jpg,https://www.yelp.com/biz/stix-san-francisco-5?adjust_creative=Sb39Q_neG8ncCfDxiJ2TWw&utm_campaign=yelp_api_v3&utm_medium=api_v3_business_search&utm_source=Sb39Q_neG8ncCfDxiJ2TWw,342,Hot Dogs,4.0,$,37.74258,-122.48085,1353 Taraval St,San Francisco,CA,US,(415) 463-6577,"[""It taste so good, I recommend! It's super cheesy, hot and fresh. It was my first time trying it and it exceeded my expectations, the sugar coated around it..."", 'This place can be busy when the local school let out,luckily I got mine just minutes before. I sat in my car devouring my first Korean dog watching a steady...', ""Light and fluffy batter, making for a crunchy bite each time!! So glad we decided to stop by for a quick snack. Although they don't currently offer indoor...""]"
ey_UUXdDMUoO77QIF6SGaQ,Mensho Tokyo SF,https://s3-media4.fl.yelpcdn.com/bphoto/4L3t1-0-tI0h4CC_NgLoMA/o.jpg,https://www.yelp.com/biz/mensho-tokyo-sf-san-francisco?adjust_creative=Sb39Q_neG8ncCfDxiJ2TWw&utm_campaign=yelp_api_v3&utm_medium=api_v3_business_search&utm_source=Sb39Q_neG8ncCfDxiJ2TWw,2553,Ramen,4.0,$$,37.78686,-122.41439,672 Geary St,San Francisco,CA,US,(415) 800-8345,"['As a pescatarian, I was never really impressed or satisfied by the ramen I had previously tried, which often lacked flavor and fullness. After just one...', 'Mensho Tokyo was worth the wait. My team waited in the line on the sidewalk for about an hour. The door was propped open and the glass wall illuminated...', ""I came here to give it another try. But I'm quite disappointed tbh.\n\nWe waited for about 20mins to get a table, so I was fine with that. But the QR code...""]"
NiL32rwaK1AlFkD3vlaRtw,Tokyo Fish Market,https://s3-media4.fl.yelpcdn.com/bphoto/fx1uWjkLNOEkrMYXiZ65CQ/o.jpg,https://www.yelp.com/biz/tokyo-fish-market-berkeley-2?adjust_creative=Sb39Q_neG8ncCfDxiJ2TWw&utm_campaign=yelp_api_v3&utm_medium=api_v3_business_search&utm_source=Sb39Q_neG8ncCfDxiJ2TWw,865,Seafood Markets,4.5,$$,37.88146948,-122.2966658,1220 San Pablo Ave,Berkeley,CA,US,(510) 524-7243,"['Honestly, this changed my whole understanding of what ""good"" fish is. I love having a simple baked salmon and thought to buy some here because I had heard...', ""I come here mostly for the sashimi-grade fish. I've also picked up different shellfish, caviar, and other miscellaneous items. The counter people are nice..."", ""If you're into sashimi, this is the spot. They have fresh sashimi daily. I love their tuna belly, salmon, hamachi and fresh Wasabi  I've been here multiple...""]"
6LgVPqC6HFU_q0KrIW1B1Q,Ben Tre Vietnamese Homestyle Cuisine,https://s3-media1.fl.yelpcdn.com/bphoto/Z1_8uArjVHO49OBQ17iyXA/o.jpg,https://www.yelp.com/biz/ben-tre-vietnamese-homestyle-cuisine-south-san-francisco?adjust_creative=Sb39Q_neG8ncCfDxiJ2TWw&utm_campaign=yelp_api_v3&utm_medium=api_v3_business_search&utm_source=Sb39Q_neG8ncCfDxiJ2TWw,1951,Vietnamese,4.0,$$,37.65578783,-122.4122281,398 Grand Ave,South San Francisco,CA,US,(650) 952-2243,"[""According to my fiancé, their beef pho is the best he's ever had. They're flavorful and meaty. I had the papaya vermicelli salad with shrimp and white..."", ""Listen. I go to a place 3 times before I review.\n\nSo,\n\nI've had Pho all around the Bay Area but Ben Tre is something special. I've been going here since..."", 'Came here last Friday around 7:40 pm.\nWe waited about 20 mins to get seated. \nWe ordered garlic noodle with filet mignon plate and short ribs and chicken...']"
4KfQnlcSu4bbTqnvGdGptw,Beretta,https://s3-media2.fl.yelpcdn.com/bphoto/HKxMJ8q8fzOY76hy7ACIag/o.jpg,https://www.yelp.com/biz/beretta-san-francisco?adjust_creative=Sb39Q_neG8ncCfDxiJ2TWw&utm_campaign=yelp_api_v3&utm_medium=api_v3_business_search&utm_source=Sb39Q_neG8ncCfDxiJ2TWw,3975,Italian,4.0,$$,37.753869,-122.420611,1199 Valencia St,San Francisco,CA,US,(415) 695-1199,"[""Beretta captures the best of two worlds: it's a down-to-earth, neighborhood restaurant mixed with all the best parts of a professional kitchen and staff...."", 'Very good food, fresh and delicious \nGood service and good vibe i really like it, my way to see a quality in a food place is by the restaurant restrooms!...', 'This place can get packed for dinner so make sure you come early or make a reservation.\n\nWe got the tricolore salad and fried cauliflower for appetizers...']"
1IqqA8pcuCIWJtuKfHwU8g,Nojo Ramen Tavern,https://s3-media3.fl.yelpcdn.com/bphoto/f8jcPmO2OhZr9w11Bj2zeg/o.jpg,https://www.yelp.com/biz/nojo-ramen-tavern-san-francisco-6?adjust_creative=Sb39Q_neG8ncCfDxiJ2TWw&utm_campaign=yelp_api_v3&utm_medium=api_v3_business_search&utm_source=Sb39Q_neG8ncCfDxiJ2TWw,1066,Ramen,4.0,$$,37.77669,-122.42151,231 Franklin St,San Francisco,CA,US,(415) 896-4587,"['Really great food, friend recommended from out of state. The inside was a decent size with a couple booth seats, but the service speed and quality was where...', 'Nojo Ramen Tavern has a highly rated Ramen menu in San Francisco, and I came in to taste some of their newest dishes! Everything looked and smelled...', ""I usually only have one specific place in mind in the Bay when I'm craving ramen, but Nojo's signature Chicken Paitan Soy Sauce fulfilled this ramen itch I...""]"
KwEekEeXIQtt_CZtp8LAOA,Aracely Cafe,https://s3-media2.fl.yelpcdn.com/bphoto/Qbi_OwMIoiRCMYkDlsLtWg/o.jpg,https://www.yelp.com/biz/aracely-cafe-san-francisco-2?adjust_creative=Sb39Q_neG8ncCfDxiJ2TWw&utm_campaign=yelp_api_v3&utm_medium=api_v3_business_search&utm_source=Sb39Q_neG8ncCfDxiJ2TWw,331,American (New),4.0,$$,37.8278,-122.37417,401 13th St,San Francisco,CA,US,(415) 678-5724,"[""There is a freeway interchange on the east side of the Bay Bridge that i absolutely h-eight: the 80 meets both the 580 and the 880.  All these 8's were like..."", ""I'm not sure why my experience is so different than so many other people's,  but it wasn't good. I'm from Dallas, Texas and I've had much better..."", 'Enjoyed this small treasure island restaurant at the recommendation of a coworker. We sat outdoors in a nicely sunlit area and were quickly served by a very...']"
